Adipose,0.33688522122222225,0.6453398551269839,0.6631147787777776,0.3546601448730159,0.22802647495238096,0.4204961206825395,0.14764197951587302,0.20383542485714282,0.1656017971666667,0.28820140737301575,0.2038391232142857,0.12074684517460313,0.1086058095793651,0.6209764133571427,0.27041777704761905,0.24779783673809527,0.671579319563492,0.7522021632619047,0.328420680436508,0.2285708552619047,0.37340477464285704,0.15514550038888886,0.24287886973809517,0.10023601417460314,0.2165858867936507,0.23949456627777768,0.07424261243650793,0.05598918346031746,0.21800924315079367,0.458359388690476,0.10017219607936509,0.3505539972777778,0.6323412880555555,0.6494460027222222,0.36765871194444444,0.20091352987301578,0.44031414742063496,0.1421965050634921,0.2245123255793651,0.23134856236507936,0.37154869030158744,0.2675211878888888,0.12958155937301588,0.09852191526984122,0.24946376084126973,0.5264932068253969,0.12552111706349203,0.6051522044126983,0.3948477955873016,0.12187318780158729,0.2466075601111112,0.07549257631746031,0.14707842323015877,0.6029296370396824,0.39707036296031745,0.047868336269841265,0.6754399295952379,0.11960165237301584,0.32456007040476187
Adrenal Gland,0.37915806294358984,0.5927578162820513,0.6208419370564103,0.40724218371794896,0.2415324584256411,0.3883892419743588,0.15418626092307697,0.21589203872307697,0.18089067337435902,0.2603900055794872,0.19642063019999986,0.13597477183589743,0.14540466302564087,0.5544376114666668,0.30015772555897435,0.23537052523076915,0.6427258755948718,0.7646294747692304,0.35727412440512823,0.23670896653333323,0.35460544282051293,0.14367582953846145,0.26500976108717955,0.10727425147692303,0.2367562804461538,0.20214972053333327,0.0765084440410256,0.06795227574871791,0.20678795078974366,0.43686099919487187,0.1046963968871795,0.375057828810256,0.610956471676923,0.6249421711897435,0.3890435283230768,0.19590769428205126,0.4117990715897436,0.141940896748718,0.25035233747179503,0.24458317144102568,0.3577140528051282,0.2517660501128206,0.14593672568205124,0.10487603848205128,0.24962926787692313,0.4807467776717947,0.1647479160153847,0.6086206341282051,0.39137936587179495,0.1152784648205128,0.24183588414871793,0.07542559029743585,0.17109528330256404,0.5690948913025642,0.4309051086974358,0.06296716801538459,0.6015137203282052,0.12073520944615383,0.39848627967179473
Bone Marrow,0.38143004995825075,0.608917297683897,0.6185699500417492,0.39108270231610315,0.2397965137415508,0.37878692823459215,0.14167374754671969,0.23974281051093438,0.20320133132604384,0.24356660855666026,0.20460360520874754,0.1422072714592446,0.1572704551411531,0.5197179255964217,0.3230116192842942,0.25048918100397616,0.6009966627912526,0.7495108189960242,0.3990033372087477,0.26653860119284284,0.3213461664811134,0.1281122553320079,0.28400297700000016,0.10388245071968187,0.21990496641550714,0.18242166310934405,0.08598598324055672,0.07512792109940358,0.19131117854473179,0.40841465241948344,0.12820086162226635,0.3856574943141149,0.5785629394890661,0.6143425056858846,0.4214370605109343,0.22075335985288277,0.3889678596819089,0.12712839672763424,0.265138455353877,0.24102958389860843,0.3590203175884693,0.23488834604970188,0.16506175247912522,0.11780479114711732,0.23517223068389684,0.4716388457415506,0.1753841324055666,0.601927487459245,0.39807251254075576,0.13153481094234593,0.22163351315705768,0.07636714958846916,0.18469064629025844,0.5397926776560636,0.4602073223439362,0.06606527148508944,0.5660803253558652,0.13088011480914505,0.4339196746441351
Cortex,0.35099764615457457,0.6148620418086224,0.6490023538454261,0.3851379581913778,0.24161280017875938,0.3969181976088331,0.1504900556193482,0.21097894663722372,0.17686284135120936,0.27225917893165114,0.2039192206719246,0.13059875512302846,0.131088912980021,0.567580375826498,0.30133071118296506,0.2271868307623553,0.6385943299873825,0.7728131692376434,0.36140567001261803,0.24594405344479495,0.3492243370063091,0.14893761764248165,0.25589399197055746,0.10562728675814939,0.2304659559936909,0.21416589219979001,0.06895880304942172,0.06331708567613047,0.21420880715352256,0.43270336877812804,0.11112354178759204,0.3613642312839113,0.6126063091093583,0.6386357687160885,0.38739369089064146,0.20492989742586773,0.4180398444837011,0.13842600175289183,0.23965578108517377,0.22287853039642516,0.37628526081493174,0.2570558959768666,0.14378031282439552,0.09839341891272349,0.2519530057434281,0.4978868646782338,0.1517667106771821,0.6202897743470029,0.3797102256529966,0.1227965450862252,0.24465865356572017,0.08045605276025239,0.1492308145520506,0.6118962732187171,0.38810372678128285,0.060955061088328134,0.5974038547655095,0.1176921355352261,0.40259614523448994
Colon,0.34925381665217387,0.653468527115942,0.6507461833478261,0.34653147288405783,0.2206339001884058,0.3882448407971014,0.17089999317391302,0.2202212657681159,0.20275631826086957,0.2758063317101448,0.17990527001449275,0.12069971508695651,0.13326138318840577,0.5858948861304347,0.28084373068115953,0.2227105057681159,0.6456132119565218,0.7772894942318841,0.3543867880434783,0.24962086830434776,0.3550573692173913,0.16852806420289856,0.22679369828985504,0.08977927802898548,0.3032353115217391,0.17528646798550723,0.04903735421739132,0.06909950057971015,0.20064609207246373,0.4494547895072462,0.10515683633333334,0.3741592538115942,0.6135149702608693,0.6258407461884058,0.38648502973913035,0.19274914601449267,0.4035020823623187,0.17496595501449277,0.22878281660869562,0.20278879649275358,0.40660839647826097,0.2473431270289855,0.1432596799565217,0.11561980665217389,0.24157023543478265,0.4925919555942029,0.15021800234782606,0.6278055255072462,0.3721944744927537,0.10105062771014496,0.23513557685507241,0.10777893433333334,0.15952881431884058,0.6493875086231885,0.3506124913768116,0.06263097160869564,0.6327860636231882,0.11301180998550722,0.36721393637681166
Duodenum,0.2971167820299401,0.6607150993712574,0.7028832179700598,0.33928490062874256,0.2242646319940119,0.41914572127544913,0.1512948895508982,0.20529475719161677,0.17066811750299396,0.2796960136766465,0.22607999653293406,0.10819034892814368,0.12062005930538924,0.6253155687485029,0.2540643719461077,0.21411756053293415,0.6940601811017967,0.7858824394670659,0.30593981889820365,0.22384813745508977,0.3876944503832336,0.14209717398802385,0.24636023816766475,0.08341363749101795,0.23105352415568875,0.2254880607964072,0.06329666363473051,0.054947566892215555,0.22141879973652698,0.4851467909161675,0.09208288956886222,0.3210520622095808,0.6355049989820359,0.6789479377904192,0.3644950010179643,0.19540713389820374,0.44340400811976066,0.12566668208982035,0.23552217594011973,0.2240758676347305,0.3835536275928146,0.2690062870119762,0.123364217760479,0.08278538246107783,0.26964571890419153,0.5091210775508983,0.13844782110778442,0.6535087993712574,0.3464912006287425,0.11034472410778437,0.2807600290658682,0.07597682182634728,0.14503206237724542,0.6324329989041916,0.3675670010958085,0.04441177779041913,0.6693123159401199,0.1019921751556886,0.33068768405988014
Endometrium,0.44826904854368915,0.5028065100355988,0.5517309514563107,0.4971934899644014,0.30393585466343026,0.3076191463721682,0.11041014632686082,0.2780348526116505,0.266224758511327,0.2296110139708736,0.20468349577346273,0.16725905872491895,0.19534677057928818,0.42749333460194167,0.37715989483818774,0.3001606460711975,0.5283533251715213,0.6998393539288026,0.47164667482847883,0.29552287615857625,0.2787590739449837,0.11506115997411004,0.31065688996763735,0.11586558643365695,0.15707822343365702,0.17472219073139159,0.08142574516504858,0.0813388940906149,0.17280155739805828,0.3329704497411003,0.1579163750453075,0.4716548852653722,0.49789569896763763,0.528345114734628,0.5021043010323624,0.25459354080258895,0.34308768597734635,0.11490842189967636,0.29064659735598697,0.29475553465372173,0.2987623339902911,0.23071634610032352,0.17576578530097087,0.1503947805954693,0.2016930997799352,0.44232524933009704,0.20558687032686077,0.4952110540582527,0.5047889459417473,0.15858777812944982,0.19128539786731386,0.06166282637864075,0.19159392488673144,0.5026087220194176,0.4973912779805824,0.10173485888349511,0.4951296638802587,0.15323786494174763,0.5048703361197416
Esophagus,0.34764714507142863,0.6273958232857143,0.6523528549285712,0.3726041767142857,0.25926300411538455,0.39818069174725257,0.13910527637362638,0.2034510277692308,0.21024084744505492,0.2684061415000001,0.21394922477472528,0.12791225800549447,0.1503738344835164,0.5686323402362639,0.28099382523626354,0.22110966590659348,0.6214113092197802,0.7788903340934068,0.3785886907802197,0.2559524273901099,0.36331310535164824,0.11443527445604391,0.2662991928406593,0.108127106521978,0.1969743040439561,0.20281389764285718,0.0678946196978022,0.07346843454945048,0.21523887707692316,0.40597600028021974,0.12568920482967044,0.34027211562087917,0.6078826102527474,0.6597278843791209,0.39211738974725274,0.21164454091758236,0.4455817036648353,0.116180840054945,0.2485709374010989,0.22822419668131885,0.3738160262032969,0.24693520608791197,0.15102457100549457,0.09810934468131866,0.25661867134615385,0.48564220244505485,0.1596297815494506,0.5807272194120877,0.4192727805879121,0.13352778636813178,0.2420570202252746,0.0634505652087912,0.16464622860439557,0.5914189748956046,0.4085810251043957,0.0661074591263736,0.6136988761538459,0.11352002422527474,0.38630112384615384
Fallopian Tube,0.37714283893317446,0.5925490700143197,0.6228571610668259,0.40745092998568044,0.25886663505966595,0.3656486541073984,0.13327331912171828,0.24221139171837738,0.20290275509307867,0.2597860277565631,0.21396965682338906,0.135711075439141,0.14978578117183775,0.5184446141789979,0.33176960463245786,0.24140966001909314,0.6116696985274462,0.7585903399809061,0.388330301472554,0.2714639200214797,0.334551069494033,0.12091100331742237,0.2730740072100241,0.1124480639689737,0.19181067031026258,0.20863692241766119,0.07023193138186157,0.07145607065155132,0.20441875157517891,0.409750389906921,0.12523271092840102,0.376414041706444,0.579547458009546,0.6235859582935561,0.4204525419904538,0.21844736010501206,0.4061578003508358,0.11546299692124104,0.259931842608592,0.2508674599737471,0.3437671093150358,0.256789070078759,0.14857636066587118,0.10877602649880669,0.24471938571837726,0.48356417568019144,0.16294041206682575,0.5947459198210021,0.405254080178998,0.1363959389427209,0.22505213069689753,0.07003519783770878,0.17301962934844886,0.5670640839116949,0.43293591608830523,0.0640742174128878,0.5640058115083536,0.125067859556086,0.43599418849164645
Gallbladder,0.3801162725106384,0.6118537995177304,0.6198837274893614,0.38814620048226955,0.252673959503546,0.38602840039716296,0.12902749343262404,0.23227014659574463,0.19923737585815604,0.2633888393687943,0.21362547831914888,0.12801556216312052,0.14520708777304958,0.5637639376879432,0.2910289745248226,0.27332888949645373,0.6235323946808512,0.726671110503546,0.3764676053191489,0.25593939288652484,0.3449746420567378,0.12557738919858158,0.2735085759503546,0.09318296518439712,0.22140744246099295,0.20417905587234042,0.0683676823971631,0.06622935224822693,0.2180772222978723,0.40505316426241117,0.1188516332198582,0.38864907441843954,0.6083026897304964,0.6113509255815601,0.39169731026950344,0.21522210011347517,0.4137272034751772,0.10887383545390071,0.2621768608723405,0.24229025870212764,0.3690609018156029,0.2456655589645389,0.14298328054609927,0.10485928514184396,0.26589718123404243,0.47233262304255325,0.1569109105957447,0.592085204638298,0.40791479536170216,0.14462205198581563,0.23180475323404257,0.07197579864539004,0.16019299461702122,0.5788353142198582,0.42116468578014166,0.07012459770921989,0.6084657476099288,0.12166403028368794,0.3915342523900709
Heart,0.405582654642857,0.5857133186734694,0.594417345357143,0.41428668132653046,0.2826895131632652,0.37433289354081634,0.11331741145918367,0.22966018188775505,0.18971421552040815,0.23653597458163264,0.1939680411428571,0.11610008493877545,0.12949226156122448,0.5629926728061225,0.307515065622449,0.29223214068367354,0.5975061074795919,0.7077678593163266,0.4024938925204081,0.28911068411224483,0.34212173324489786,0.11482179393877551,0.25394578881632646,0.12805677408163266,0.2149458310816326,0.1831020892142857,0.09021304912244896,0.10906834655102039,0.20672367583673462,0.3898949882448978,0.11914411620408161,0.43593314923469395,0.5772595738163266,0.5640668507653062,0.4227404261836734,0.23837663915306118,0.40806065913265305,0.09204751815306123,0.2615151835306121,0.24467052915306117,0.35944907822448985,0.236781445877551,0.15909894675510203,0.12872304480612243,0.25810105131632644,0.4498796791938775,0.16329622477551017,0.5813457056020409,0.41865429439795915,0.16452532067346937,0.2421817245918367,0.05918351220408163,0.1814733830510204,0.5788915354183672,0.42110846458163276,0.05919488370408164,0.5627733900510202,0.11597398951020406,0.43722660994897977
Kidney,0.3754252067151163,0.6167310037906976,0.624574793284884,0.38326899620930244,0.25046048183720937,0.3706854331686047,0.1546153093372093,0.22423877569186043,0.2019341730930234,0.2681943277616279,0.2185546884593022,0.11257694191860462,0.13347098729069765,0.5647335446453489,0.3017954680174419,0.2711517528430233,0.6209103101802325,0.7288482471569766,0.37908968981976743,0.24302711168604657,0.3476948389127907,0.14996270240116277,0.25931534708139536,0.09678592483720933,0.22149586380232553,0.19320004688953477,0.0680293029593023,0.07731939962209304,0.22189022910465117,0.42546221816860486,0.11128371536046515,0.3781962812267443,0.6237771124476743,0.6218037187732558,0.3762228875523255,0.205237103226744,0.42292058472674404,0.12483633265116278,0.2470059793604651,0.24263043580232557,0.3679727705116279,0.25617554501744183,0.13322124876744187,0.10227018120930229,0.26391478283139536,0.49255330126162805,0.14126173471511627,0.6147324312732558,0.3852675687267442,0.12298402588953486,0.25151455823255814,0.07947088776744186,0.1652592585348837,0.6056974798720929,0.3943025201279071,0.05520328504651161,0.6024818299186048,0.10884115273837204,0.39751817008139534
Liver,0.4054916469736842,0.5470106289166666,0.5945083530263153,0.4529893710833334,0.2775408581842104,0.3767768719385966,0.1063410898991228,0.2393411799956141,0.25957291708333335,0.2422539957500001,0.22342051152631578,0.13886387173245604,0.1642093209342106,0.49308854579385986,0.34270213328508786,0.3227096305438598,0.5817147194298246,0.6772903694561407,0.4182852805701754,0.304952449903509,0.3191431478114037,0.08848316394736844,0.2874212384342105,0.11141491874999994,0.1529366333903508,0.1739372801622807,0.07871773907017544,0.07892365666666659,0.19262650101754383,0.3850007353201752,0.13238565303508767,0.4366784239035086,0.5331953536622805,0.5633215760964915,0.46680464633771934,0.24667935447807035,0.3795271318289474,0.08403420211403509,0.2897593115219298,0.2821328413201753,0.31543736124561406,0.243970753364035,0.15845904407017544,0.11534596398684208,0.2417382026798245,0.45034715603947373,0.19256867728070176,0.5603891039736842,0.43961089602631576,0.1493453018903508,0.2341405189736842,0.0544345660833333,0.1809617455657894,0.5141263191885967,0.48587368081140325,0.07807934192982456,0.5556056220921054,0.1329841120438596,0.44439437790789466
Lung,0.32643789294252884,0.6366151328448275,0.6735621070574713,0.36338486715517243,0.22891498630459756,0.44234221557471276,0.13386467056321844,0.19487812759195403,0.172613244683908,0.2992280348505746,0.2074173449080459,0.12435088624712637,0.1152561317241379,0.5966565571609194,0.288087311091954,0.21872002952873562,0.6954509668908045,0.7812799704712642,0.3045490331091955,0.23639709751724122,0.3695834298448276,0.141922678229885,0.25209679439655175,0.0955036190574712,0.22399021195402297,0.22725671875287368,0.07321886070114939,0.05986327599425286,0.2269925899942528,0.47126278748850603,0.09630776462068966,0.3255240508908046,0.6340036561149422,0.6744759491091952,0.36599634388505736,0.19727333368390806,0.44336502246551734,0.11974168212643681,0.23961996177011477,0.20401131044252868,0.3966646994655172,0.2702767210459771,0.12904726908620687,0.09215049384482757,0.2735744545229885,0.5051979187873563,0.12907713291954015,0.6302664992413792,0.36973350075862077,0.11730481793103448,0.22948644222988496,0.07486520225862067,0.15476461649999995,0.6122796808965517,0.3877203191034483,0.04597071827011494,0.6299271540344829,0.09960286363793097,0.37007284596551726
Lymphatic,0.4318746217723007,0.5325535730234743,0.5681253782276996,0.4674464269765257,0.28538179764319277,0.340220696838028,0.09864924289906107,0.2757482626384975,0.2618962320375588,0.23167952915727716,0.22155418384976544,0.15735289611502346,0.17237362734037553,0.4651807715093898,0.36244560117605645,0.2830966377934273,0.5606162628333328,0.7169033622065731,0.43938373716666695,0.2901438304366197,0.29325678827699525,0.10360888902816899,0.31299049229577486,0.11478770197417835,0.14893083831690138,0.1737769259600938,0.07905411787793426,0.07852354487323948,0.18316480426525836,0.3602180029976531,0.1476672942488262,0.4508448440633805,0.5160670864201878,0.5491551559366193,0.4839329135798121,0.26037453611032846,0.3674313950680752,0.09167652289201879,0.2828649637652584,0.28942211108920185,0.2990192837394369,0.23751886004929598,0.17403974511502351,0.1377812751713615,0.22690479875821604,0.43353129476995306,0.20178263132629118,0.5369340354694832,0.46306596453051685,0.1562051285305165,0.20316791442018772,0.05620725434272298,0.19538727748122064,0.4962368449507042,0.5037631550492958,0.09296813537089203,0.5350162358192486,0.13745821829342725,0.4649837641807513
Ovary,0.394456780690141,0.5763322216539234,0.6055432193098598,0.42366777834607616,0.25886849770221315,0.364823476060362,0.1238572383158954,0.25245078793963804,0.22574378433199185,0.24788364036016097,0.20678931062575456,0.1447706051327968,0.1528281526498993,0.5004068880281693,0.34676495931187096,0.24858586697384313,0.5948567894748497,0.7514141330261564,0.40514321052515057,0.25657690903420544,0.3391480720281692,0.12763258146277667,0.27664243748692136,0.10289543095573445,0.19043225682494974,0.19365526966800806,0.08048394769818919,0.0693788824688129,0.19788914082092554,0.38963865926760555,0.14354142356539254,0.3919357850382294,0.557922925334004,0.6080642149617708,0.44207707466599605,0.22635658593360158,0.4068439801649901,0.11169572588531183,0.2551037079859154,0.2575230566458754,0.33934622484507004,0.24203559388933604,0.16109512464587541,0.11623294451710266,0.24407128508651912,0.4693545451267608,0.17034122528169016,0.5618696517605634,0.43813034823943664,0.1427841636760563,0.22564283775050306,0.06265479561167002,0.17626395746076456,0.5243053600905438,0.4756946399094563,0.06949346018108653,0.5596797104225355,0.1300584337404426,0.44032028957746466
Pancreas,0.34495101551515145,0.6033234076969698,0.6550489844848483,0.39667659230303026,0.19993350960606057,0.4632603744545453,0.13894839506060605,0.19785772087878792,0.18214610230303033,0.24418129054545454,0.22304264790909087,0.10415712924242423,0.09804635354545455,0.6258005954545455,0.2761530510303031,0.20929900524242426,0.7069247671515152,0.7907009947575757,0.29307523284848486,0.2682015124242424,0.3480156273636364,0.12519062954545457,0.25859223057575753,0.07381140996969696,0.26629628842424247,0.17093444042424244,0.08376911115151515,0.04806274863636364,0.23966501045454547,0.4743834492121212,0.09987557427272727,0.30127543042424243,0.6581278157272729,0.6987245695757576,0.3418721842727273,0.1467036305757576,0.5101517496969695,0.09297770345454544,0.2501669163030303,0.20167487736363635,0.3974036511818182,0.2876862493333333,0.11323522212121213,0.06298995790909091,0.2772677194545455,0.5362100432727273,0.12353227939393936,0.697642422636364,0.3023575773636364,0.09444895727272727,0.31826130224242427,0.06681385215151514,0.1721374684242424,0.6382271519696967,0.3617728480303029,0.03872049084848484,0.6678820698787878,0.09929272669696969,0.3321179301212121
Placenta,0.35139853079566574,0.638030933873065,0.6486014692043348,0.36196906612693525,0.229604261009288,0.41333482855108356,0.1499290142229102,0.20713189623219802,0.18676939822600627,0.27726309681424155,0.2107743924055728,0.12044335005263151,0.13727795265325074,0.5656111284984521,0.2971109188328175,0.2303251177956656,0.6425514754179568,0.7696748822043347,0.3574485245820433,0.23758682282972132,0.36424577162538696,0.14109085462538698,0.25707655100309595,0.09673236890712064,0.2234970586873065,0.20961385779876168,0.07261292404953555,0.06262015646439631,0.21853063153869964,0.44244569431578923,0.10535765810216721,0.37246772669969047,0.6078979105665634,0.6275322733003095,0.3921020894334365,0.2083266234179566,0.42484551334984527,0.12869722589164087,0.2412266125727552,0.2235169805944272,0.3810074751888545,0.25268982619195046,0.1427857180712074,0.09145946153869967,0.2701541957275541,0.49549376374922605,0.14289257895046442,0.6261098428761612,0.373890157123839,0.12363301247368418,0.2514592002198144,0.07380250044891636,0.1533988399411765,0.6009929030402473,0.3990070969597523,0.05732862712074301,0.6270538754520121,0.11371723246439629,0.3729461245479877
Prostate,0.3410876818676471,0.6274917335490195,0.658912318132353,0.37250826645098034,0.2238081810441176,0.4045883160392155,0.1496193611029412,0.2219841418627452,0.1766913050441176,0.2602156823823529,0.2011021203676471,0.11637355853921569,0.12832559016176465,0.5773553412352942,0.29431906860784324,0.23817083534313735,0.6679200335441177,0.7618291646568628,0.3320799664558822,0.24311089900000005,0.33392727431862734,0.16240178488235288,0.2605600418480393,0.09421577305392154,0.25742101747058826,0.19649888793627449,0.07407089613725484,0.058416133946078405,0.19477435461764708,0.46170963945098026,0.1152288626568627,0.33211035908333336,0.6196691508039218,0.6678896409166669,0.38033084919607824,0.19261482465686264,0.4149804055147058,0.1625150975637255,0.23479163312254903,0.21878226602941184,0.38572716786764694,0.24950151766176465,0.14598904847058825,0.10875074171078429,0.2372341265931372,0.50402333752451,0.14999179416666666,0.6366183513431372,0.3633816486568627,0.12800303617647052,0.24351894181862752,0.08472302471568624,0.1671657564068628,0.6205614284264708,0.37943857157352945,0.055280882524509786,0.6064526204852941,0.11459012687254905,0.39354737951470586
Rectum,0.34874367443181814,0.6023044626249999,0.651256325568182,0.39769553737500013,0.23755977575000004,0.4145939930227273,0.12218197300000001,0.22566425819318175,0.2054729272386364,0.2317803436818182,0.252179205784091,0.12327516737499997,0.13793879824999997,0.5709060507045454,0.29115515102272727,0.2574072754999999,0.612132544931818,0.7425927244999998,0.3878674550681819,0.26818546881818184,0.3282138266022728,0.11292277580681818,0.2906779289545454,0.09361008052272725,0.1879655847045454,0.18190428839772724,0.07886791328409089,0.06625361306818181,0.2217521299659091,0.39799698171590925,0.12054999623863628,0.34753679156818174,0.5739062278295453,0.652463208431818,0.42609377217045474,0.20487769134090913,0.4328688158977272,0.08754461468181816,0.2747088780681817,0.2386248267613635,0.36056696888636364,0.2431635355340909,0.1576446687613636,0.10713483438636363,0.27499137019318176,0.4715450943522729,0.14632870109090906,0.542293343409091,0.45770665659090903,0.13003423146590906,0.277748690715909,0.05571013504545455,0.18145143180681822,0.5596706294659092,0.4403293705340909,0.05198631053409091,0.6013948371477272,0.14146096846590908,0.3986051628522729
Salivary Gland,0.3782431947313433,0.5571580464925373,0.6217568052686566,0.44284195350746275,0.22749127510447756,0.4226311304477612,0.14538621619402978,0.20449137835820894,0.2207511788656716,0.2706916008955224,0.21439579635820896,0.10578885274626865,0.13591286149253728,0.5684531064477613,0.2956340320746269,0.2791724440746268,0.6478145100149255,0.7208275559253733,0.35218548998507454,0.29672610177611924,0.3314511602835821,0.13609309889552237,0.23572963905970146,0.08049328043283581,0.21318916128358206,0.19834941338805973,0.0728211697164179,0.07007771562686567,0.20041506982089552,0.4440997995223882,0.11629809680597016,0.3691450254626866,0.5996453223432834,0.6308549745373133,0.40035467765671656,0.18923517513432836,0.432414584641791,0.10850159620895523,0.2698486439552239,0.2512066238955224,0.3515493678358209,0.23806105988059695,0.15918294834328356,0.09710613552238806,0.2765225979104477,0.45267571876119383,0.17369554773134332,0.5587309304179106,0.44126906958208945,0.13286375782089554,0.26515674616417917,0.062211818955223874,0.1632872234029851,0.5950143377462688,0.4049856622537313,0.057737891328358215,0.6650688992089554,0.11137142701492536,0.33493110079104477
Skeletal Muscle,0.31882561913142843,0.6527315109314287,0.6811743808685713,0.3472684890685715,0.22124570816000005,0.41924441022857156,0.17316632655999994,0.18634355513142858,0.13417003060571434,0.2953610743142858,0.1966959456857143,0.10230819174857142,0.09536565138285712,0.6503365848914283,0.2542977637142857,0.2142002543542858,0.6936127233657141,0.7857997456457146,0.30638727663428567,0.2209932186799999,0.37891138411428577,0.1677170817942856,0.2323783154342856,0.10033998876000004,0.2559386810628571,0.23561535098285707,0.07724000295428571,0.05241128782857143,0.22098139913142864,0.49207586313714297,0.09374127206857139,0.3118313826400001,0.6435930991828571,0.6881686173599998,0.3564069008171428,0.1802465310171428,0.46696601182285724,0.14179174811999995,0.21670999478285713,0.1802019915085714,0.40496257338857156,0.27707882891428576,0.1377566062742857,0.07902176917714282,0.2526290312628572,0.5492036195542856,0.1191455799885714,0.6657571398742856,0.3342428601257144,0.11272724991999991,0.26585706989142854,0.08879502055428568,0.13495139352571436,0.6356271163714285,0.3643728836285714,0.04172844255999999,0.6623032145485712,0.09906173530285717,0.3376967854514285
Small Intestine,0.3217842150124999,0.6330389155124998,0.6782157849875001,0.36696108448750003,0.2430166593,0.41432969284375004,0.13655385123125002,0.20609979665624997,0.19540425249374999,0.27094515392499996,0.23947693418749996,0.12581361999375,0.1276874005125,0.5971839067875001,0.27512869265625006,0.22925381818125007,0.6733319949375,0.77074618181875,0.32666800506250004,0.2655274128187501,0.35191120398125003,0.13136213774374988,0.25119924546875,0.08774260306874997,0.19744810417499997,0.20919942392500004,0.07072868225624998,0.06592085636249997,0.21807143088124997,0.4586205083750001,0.10585287625624995,0.3314414136750001,0.608357341225,0.668558586325,0.3916426587750001,0.21618544229375,0.42007364151250004,0.12119515893124996,0.24879575723750008,0.22203076359374996,0.3632144896249999,0.2768523872125,0.13790235956875,0.08846712078124994,0.2531062858625,0.5122271949687499,0.14619939843124993,0.6241345136874996,0.37586548631250005,0.12188111509999999,0.24544370935000007,0.07080554062499997,0.16511086106250006,0.6280457652687501,0.37195423473125,0.04711491364999999,0.6030798355125001,0.10441941448124996,0.39692016448749995
Smooth Muscle,0.3646112152741936,0.5935162735483872,0.6353887847258065,0.40648372645161296,0.2568098471129031,0.38058668075806434,0.14744906697580637,0.21515440516935477,0.18142811849999999,0.27399372634677416,0.21275258074193554,0.13421894749999996,0.14059908750806452,0.5669965076048386,0.2924044048629032,0.23798156299999995,0.621909321967742,0.7620184369999998,0.378090678032258,0.2576573907903225,0.3431846309193548,0.13841306167741932,0.2607449165967742,0.10453532066129033,0.20201176304838706,0.21973803049193555,0.07953418658870966,0.06667227623387094,0.21533306065322572,0.416664346451613,0.1183024606451613,0.36706562620161287,0.6005100334354838,0.6329343737983874,0.39948996656451624,0.2216972474758064,0.4170681048064516,0.10791440739516127,0.2533202403548387,0.23496176840322586,0.35683056775000016,0.25889149210483875,0.14931617176612896,0.1109069537580645,0.24301995225,0.5084466873790322,0.13762640662903228,0.6214372913709678,0.37856270862903224,0.12811441588709677,0.2327599616048387,0.06853537271774195,0.16237757595967742,0.5893578730241936,0.41064212697580643,0.06446560785483874,0.5808168473467743,0.11856224825806445,0.4191831526532257
Spleen,0.2849541851520739,0.6874625117096774,0.7150458148479273,0.3125374882903226,0.22026499857603685,0.417471625923963,0.1706765144331797,0.19158686108986187,0.15027370373502305,0.29726662516359453,0.2052978659193548,0.11403219808986181,0.10159191973041476,0.6519799603248847,0.24642811991705066,0.1821738696543779,0.6986042976658987,0.8178261303456218,0.30139570233410146,0.22047635734331794,0.38748220398387084,0.15413295503917052,0.2379084836820278,0.0837858434769585,0.24254669227419373,0.24744124352304148,0.07065465110829493,0.05675041102304145,0.22087064341244236,0.49745289542626714,0.09263686478571434,0.2895906306866359,0.6733715117304148,0.7104093693133638,0.32662848826958557,0.18123752555299538,0.4709670924493087,0.13405949959677413,0.21373588239400937,0.1878782207972351,0.4028595334055298,0.29324126498847947,0.11602098089170511,0.07074315261981566,0.275178672894009,0.5397933688410138,0.1142848056728111,0.6639183882626731,0.33608161173732726,0.10539242860368672,0.25700868973271906,0.08511906027419365,0.14118099820046084,0.6399126958663598,0.36008730413364065,0.03478297921658985,0.6815345646428578,0.09750620614285713,0.31846543535714333
Stomach,0.3110255070674156,0.6324796711685393,0.6889744929325842,0.36752032883146063,0.22534590339325833,0.39260735606741587,0.18308196182022468,0.19896477871910112,0.1647026825505618,0.28100789997752806,0.2166219842134831,0.10352062293258427,0.11438295643820223,0.6537927939999999,0.23182424955056175,0.218416772483146,0.6854402527415729,0.7815832275168536,0.314559747258427,0.21978469293258424,0.39743184716853924,0.15802897586516854,0.22475448406741566,0.09226897725842693,0.23860555522471916,0.200590405235955,0.08721039558426964,0.05677174305617976,0.21546899217977528,0.49334330570786517,0.0942590401797753,0.30991965401123583,0.6730430530449438,0.690080345988764,0.3269569469550562,0.20045078868539323,0.4164402227865167,0.15248039402247193,0.23062859447191003,0.2170732216179775,0.4138141188651685,0.249094704235955,0.1200179553258427,0.07422326716853932,0.2921094581123596,0.5008118446629214,0.1328554300337079,0.6657658719999999,0.334234128,0.12550879177528088,0.2528388340449438,0.09263404525842694,0.14448980602247188,0.6287737668202247,0.37122623317977527,0.0423324035730337,0.6697874723370788,0.09782451520224719,0.3302125276629213
Testis,0.4102985355129433,0.5556969899735871,0.5897014644870571,0.4443030100264131,0.2705370460095082,0.35398546573270007,0.11949000292657176,0.2559874853771791,0.25442834576386686,0.241218240575277,0.2302307808531427,0.14516794838721647,0.18288944307606983,0.4840212522033809,0.33308930472424775,0.28872295641362966,0.5700317751415728,0.7112770435863707,0.4299682248584269,0.28313254033650315,0.31470829467828837,0.11169893089223444,0.29046023412414146,0.10041208503222399,0.16411769869624968,0.17163583473692584,0.07917525497253061,0.07903695030956147,0.19104085685367175,0.3746430557839409,0.13908033345377702,0.4171250359012153,0.5459422059096668,0.5828749640987834,0.45405779409033353,0.24745899087216028,0.38385137346751175,0.09823673711885901,0.27309420864606443,0.26990684977284773,0.3203544379799265,0.24488893809191697,0.16484977415530938,0.12776959088589546,0.23896098979186484,0.44997335313259473,0.18329606618225028,0.5550885186154252,0.4449114813845755,0.1522761962303223,0.21539081837189591,0.05938990423666164,0.18655689222187022,0.5275395966793449,0.47246040332065503,0.08363455425673544,0.5499408157580559,0.1325642493935552,0.4500591842419446
Thyroid,0.4573304798360052,0.5064150751245374,0.542669520163995,0.4935849248754626,0.3066881295080148,0.3088697996103574,0.1048291230616524,0.27961294783477225,0.2684456488310727,0.22189393238964253,0.20528768648335405,0.16843578491122085,0.18544261374969176,0.4204779837422936,0.39407940252404433,0.2973241113341557,0.524828530427867,0.7026758886658446,0.47517146957213285,0.29496107518125797,0.29079724757953135,0.10429287067817523,0.30994880657090007,0.12477315440073986,0.1473164288853269,0.17111531716399533,0.08306176420221949,0.08000269429716407,0.17379839879778053,0.3404385915844634,0.1689833031454994,0.47892170759679387,0.4973211245524043,0.5210782924032061,0.5026788754475959,0.2617845417977809,0.3493805088113441,0.10134264795807658,0.2874923014451297,0.2944473963625155,0.2978941718914923,0.22956804157336638,0.17809039014549927,0.1425033163612824,0.21489245245746005,0.4263156581652281,0.21628857303082621,0.5159533706325522,0.48404662936744763,0.16762132463008664,0.1945916927188659,0.054342455499383484,0.19311480984956858,0.4791501549790382,0.5208498450209619,0.09574964880394586,0.49023506000863176,0.14102736335265126,0.5097649399913684
Tonsil,0.41953876225523035,0.6010020591715481,0.5804612377447701,0.3989979408284519,0.2551092117447699,0.37917709402092065,0.11448151446025111,0.2512321798200838,0.2735967797196652,0.238760736619247,0.23983082828870303,0.1581450231506276,0.13966149131380742,0.5412938371924684,0.3190446714853558,0.25372285798744787,0.6239338638661086,0.7462771420125525,0.3760661361338912,0.311811514920502,0.28091128612133887,0.0692622780962343,0.33801492087866114,0.10602687658577407,0.14741878699163183,0.16397562063598334,0.06915110779916314,0.06193698469037654,0.24108198079497914,0.4028185611589957,0.11146335399163182,0.3910099289874475,0.5573469147740585,0.6089900710125521,0.4426530852259415,0.23727377699999994,0.3926917336234309,0.08324617275313806,0.29515651747698735,0.25694761670711297,0.29734009170292885,0.2826676954058577,0.16304459620502088,0.11123100760669456,0.282663874087866,0.4247630362343099,0.18134208210041844,0.5203868278661087,0.47961317213389126,0.12295808387447697,0.22760590020502078,0.04012585171548114,0.2124044045774058,0.46338188364016736,0.5366181163598328,0.062470693723849384,0.6256353714058576,0.1202284257280335,0.37436462859414243
Bladder,0.40311568218279586,0.5704667225376344,0.5968843178172042,0.42953327746236575,0.26987976127956986,0.3740265060752688,0.11708654015053765,0.23900719254838707,0.22369907052688173,0.2600361101397849,0.24992082909677413,0.1345407130752688,0.14303807238709676,0.5243493892150535,0.332612538344086,0.26195693791397845,0.6538103956989246,0.7380430620860214,0.3461896043010752,0.30147124370967754,0.3017464788172042,0.09149199158064515,0.3052902860107527,0.09922649536559144,0.17623542394623656,0.17039632183870967,0.08052185922580643,0.061478986741935485,0.22335563159139785,0.40667410624731193,0.12887460678494625,0.37542922876344076,0.6045354763870968,0.6245707712365592,0.39546452361290324,0.22934436744086012,0.40723701603225804,0.08746167218279569,0.275956944483871,0.2706889821075269,0.30485859070967747,0.2650966721935483,0.15935575507526875,0.10632864551612901,0.28630092898924725,0.44294632269892453,0.1644241028172043,0.6013280773978494,0.39867192260215056,0.1301973817526882,0.24527319569892472,0.04823439305376344,0.1817182063118279,0.572074966516129,0.4279250334838709,0.05410020498924731,0.5989976461935483,0.12551646369892466,0.40100235380645166
Appendix,0.3655619549548387,0.5974754881096773,0.634438045045161,0.4025245118903226,0.2524930970322581,0.39258499574193534,0.13277404967096768,0.22214785758064523,0.20903971060645152,0.2644488641870968,0.22584544007741933,0.14202917944516133,0.1510652191806451,0.5702299064322579,0.2787048743870969,0.28355285829032256,0.6133628507290321,0.7164471417096772,0.38663714927096776,0.2753737012,0.35292510707096775,0.1032947428129032,0.2684064489032258,0.1003885951741935,0.18961619885161293,0.20086868121935486,0.07424137409032257,0.06134146002580646,0.21590780731612902,0.43682457226451626,0.10941719105161286,0.39277685096774195,0.5971395719096775,0.6072231490322579,0.4028604280903226,0.21983799863225803,0.4152594048129032,0.11462084129677416,0.25028175527096763,0.2446715489677419,0.35608287176129017,0.2631218957741935,0.13612368359999993,0.09110911074838705,0.26336298051612894,0.48755254084516125,0.15797536789677408,0.6192239850709675,0.38077601492903224,0.11301011078064513,0.2361429700516129,0.05963003467741932,0.18473884091612908,0.5878079830129033,0.4121920169870968,0.05209826189677419,0.5866556808258064,0.12441070749677413,0.41334431917419356
Skin,0.3377376816887756,0.630169996489796,0.6622623183112243,0.3698300035102041,0.23995236899234687,0.4094152683137759,0.13531660550510216,0.21531575722448973,0.19058574530867342,0.2769170062653061,0.2250133631658164,0.12828120131122445,0.13715046114795912,0.5805104681275516,0.28233907065051017,0.22201382734948977,0.6527867106938775,0.7779861726505102,0.34721328930612255,0.2500421013443878,0.3599397454566326,0.12221531488520415,0.26780283834183677,0.0949981678239796,0.21669311027551008,0.19365823127551024,0.07905138215561218,0.0597898868903061,0.21426398272448982,0.457716191793367,0.10548167477040818,0.34322240359183676,0.6041750598188779,0.6567775964081637,0.39582494018112246,0.19854525376275522,0.43531799831122453,0.12471430143367356,0.2541775485535715,0.2184962274948981,0.3793480729872452,0.2534735632576532,0.14868213627295918,0.08205952735204079,0.285394082762755,0.48587424763265286,0.14667214229336734,0.623001401655612,0.3769985983443878,0.12790198589540813,0.23858638561734688,0.06383772349489794,0.1644756974311225,0.5972902152372445,0.4027097847627551,0.05410965684438774,0.6150025412755104,0.10863860698469392,0.3849974587244898
